POI_catid,POI_catname
4bf58dd8d48988d127951735,Arts & Crafts Store
4bf58dd8d48988d1df941735,Bridge
4bf58dd8d48988d103941735,Home (private)
4f04afc02fb6e1c99f3db0bc,Mobile Phone Shop
4bf58dd8d48988d124951735,Automotive Shop
4bf58dd8d48988d118951735,Food & Drink Shop
4bf58dd8d48988d126941735,Government Building
4bf58dd8d48988d12d951735,Ferry
4bf58dd8d48988d124941735,Office
4bf58dd8d48988d1e5931735,Music Venue
4bf58dd8d48988d1fd931735,Subway
4bf58dd8d48988d1ab941735,Student Center
4bf58dd8d48988d163941735,Park
4bf58dd8d48988d1f9931735,Road
4bf58dd8d48988d16c941735,Burger Joint
4bf58dd8d48988d10a951735,Bank
4bf58dd8d48988d1e0931735,Coffee Shop
4bf58dd8d48988d103951735,Clothing Store
4f2a25ac4b909258e854f55f,Neighborhood
4bf58dd8d48988d122951735,Electronics Store
4bf58dd8d48988d1c9941735,Ice Cream Shop
4bf58dd8d48988d1de931735,Tattoo Parlor
4bf58dd8d48988d146941735,Deli / Bodega
4bf58dd8d48988d1ae941735,University
4bf58dd8d48988d12b951735,Bus Station
4bf58dd8d48988d1fc931735,Light Rail
4bf58dd8d48988d1c1941735,Mexican Restaurant
4bf58dd8d48988d174941735,Office
4bf58dd8d48988d162941735,Other Great Outdoors
4bf58dd8d48988d14e941735,American Restaurant
4bf58dd8d48988d1df931735,BBQ Joint
4bf58dd8d48988d11a941735,Other Nightlife
4bf58dd8d48988d130941735,Building
4bf58dd8d48988d198941735,College Academic Building
4bf58dd8d48988d1ed931735,Airport
4bf58dd8d48988d12a951735,Train Station
4bf58dd8d48988d1fa941735,Food & Drink Shop
4bf58dd8d48988d1f6941735,Department Store
4d1cf8421a97d635ce361c31,Tanning Salon
4bf58dd8d48988d175941735,Gym / Fitness Center
4bf58dd8d48988d196941735,Medical Center
4bf58dd8d48988d150941735,Spanish Restaurant
4f2a23984b9023bd5841ed2c,Moving Target
4bf58dd8d48988d1fe931735,Bus Station
4eb1bea83b7b6f98df247e06,Factory
4bf58dd8d48988d13b941735,School
4bf58dd8d48988d129951735,Train Station
4bf58dd8d48988d1fa931735,Hotel
4bf58dd8d48988d153941735,Burrito Place
4bf58dd8d48988d1fd941735,Mall
4bf58dd8d48988d16e941735,Fast Food Restaurant
4e74f6cabd41c4836eac4c31,Ferry
4bf58dd8d48988d112951735,Hardware Store
4bf58dd8d48988d11d941735,Bar
4bf58dd8d48988d114951735,Bookstore
4e51a0c0bd41d3446defbb2e,Ferry
4bf58dd8d48988d1e4941735,Campground
4bf58dd8d48988d1bc941735,Cupcake Shop
4bf58dd8d48988d113951735,Gas Station / Garage
4bf58dd8d48988d197941735,College Academic Building
4c38df4de52ce0d596b336e1,Parking
4bf58dd8d48988d125941735,Office
4bf58dd8d48988d1f3941735,Toy / Game Store
4bf58dd8d48988d1a7941735,College Academic Building
4bf58dd8d48988d1f6931735,General Travel
4d954b06a243a5684965b473,Residential Building (Apartment / Condo)
4bf58dd8d48988d119951735,Food & Drink Shop
4bf58dd8d48988d1fc941735,Laundry Service
4bf58dd8d48988d176941735,Gym / Fitness Center
4bf58dd8d48988d11b941735,Bar
4bf58dd8d48988d145941735,Chinese Restaurant
4bf58dd8d48988d1d6941735,Bar
4bf58dd8d48988d12e941735,Government Building
4bf58dd8d48988d129941735,Government Building
4bf58dd8d48988d112941735,Bar
4bf58dd8d48988d100941735,Convention Center
4bf58dd8d48988d1b2941735,College Academic Building
4bf58dd8d48988d10f951735,Drugstore / Pharmacy
4bf58dd8d48988d118941735,Bar
4bf58dd8d48988d1a2941735,Community College
4bf58dd8d48988d116941735,Bar
4bf58dd8d48988d184941735,Stadium
4bf58dd8d48988d161941735,Other Great Outdoors
4bf58dd8d48988d179941735,Bagel Shop
4bf58dd8d48988d1d3941735,Vegetarian / Vegan Restaurant
4bf58dd8d48988d117951735,Candy Store
4bf58dd8d48988d1ff941735,Miscellaneous Shop
4bf58dd8d48988d12c941735,Government Building
4bf58dd8d48988d106941735,Gym / Fitness Center
4bf58dd8d48988d1a3941735,College Academic Building
4bf58dd8d48988d1ca941735,Pizza Place
4bf58dd8d48988d1a8941735,General College & University
4bf58dd8d48988d17f941735,Movie Theater
4bf58dd8d48988d1c5941735,Sandwich Place
4bf58dd8d48988d165941735,Scenic Lookout
4f2a210c4b9023bd5841ed28,Housing Development
4bf58dd8d48988d137941735,Theater
4bf58dd8d48988d11f941735,Bar
4bf58dd8d48988d139941735,Synagogue
4bf58dd8d48988d1e5941735,Other Great Outdoors
4bf58dd8d48988d1e9931735,Music Venue
4bf58dd8d48988d1f1931735,General Entertainment
4bf58dd8d48988d15e941735,Pool
4bf58dd8d48988d120941735,Bar
4bf58dd8d48988d10d941735,German Restaurant
4bf58dd8d48988d101941735,Gym / Fitness Center
4bf58dd8d48988d120951735,Food & Drink Shop
4bf58dd8d48988d1e4931735,Bowling Alley
4bf58dd8d48988d1d8941735,Bar
4bf58dd8d48988d123951735,Smoke Shop
4bf58dd8d48988d164941735,Plaza
4bf58dd8d48988d1e0941735,Harbor / Marina
4bf58dd8d48988d1be941735,Latin American Restaurant
4bf58dd8d48988d16d941735,Café
4bf58dd8d48988d1d4941735,Bar
4eb1d4dd4b900d56c88a45fd,River
4bf58dd8d48988d18e941735,Comedy Club
4bf58dd8d48988d143941735,Breakfast Spot
4bf58dd8d48988d1e7941735,Playground
4bf58dd8d48988d121941735,Bar
4bf58dd8d48988d1eb931735,Airport
4bf58dd8d48988d156941735,Malaysian Restaurant
4bf58dd8d48988d147941735,Diner
4bf58dd8d48988d119941735,Bar
4bf58dd8d48988d16a941735,Bakery
4d4ae6fc7a7b7dea34424761,Fried Chicken Joint
4bf58dd8d48988d1e2941735,Beach
4bf58dd8d48988d1e1931735,Arcade
4bf58dd8d48988d172941735,Post Office
4eb1bc533b7b2c5b1d4306cb,Airport
4bf58dd8d48988d1ff931735,Convention Center
4bf58dd8d48988d148941735,Donut Shop
4bf58dd8d48988d1f2941735,Sporting Goods Shop
4bf58dd8d48988d13d941735,High School
4bf58dd8d48988d1a5941735,College Academic Building
4bf58dd8d48988d1e1941735,Athletic & Sport
4bf58dd8d48988d10c941735,French Restaurant
4bf58dd8d48988d1c7941735,Snack Place
4d4b7105d754a06372d81259,College & University
4bf58dd8d48988d110941735,Italian Restaurant
4bf58dd8d48988d1f5941735,Food & Drink Shop
4bf58dd8d48988d1a1941735,College Academic Building
4d954b16a243a5684b65b473,Rest Area
4bf58dd8d48988d1f8941735,Furniture / Home Store
4bf58dd8d48988d19f941735,College Academic Building
4bf58dd8d48988d1f9941735,Food & Drink Shop
4bf58dd8d48988d1cb941735,Food Truck
4bf58dd8d48988d19b941735,College Academic Building
4bf58dd8d48988d11a951735,Bridal Shop
4bf58dd8d48988d1ce941735,Seafood Restaurant
4bf58dd8d48988d127941735,Office
4bf58dd8d48988d128941735,Office
4bf58dd8d48988d1de941735,Other Great Outdoors
4bf58dd8d48988d1e2931735,Art Gallery
4bf58dd8d48988d178941735,Medical Center
4bf58dd8d48988d132941735,Church
4bf58dd8d48988d1bd941735,Salad Place
4bf58dd8d48988d166941735,Sculpture Garden
4bf58dd8d48988d12d941735,Government Building
4bf58dd8d48988d1a9941735,College Academic Building
4bf58dd8d48988d18c941735,Stadium
4bf58dd8d48988d12b941735,Government Building
4bf58dd8d48988d1c4941735,Restaurant
4bf58dd8d48988d14c941735,Wings Joint
4bf58dd8d48988d1e3941735,Beach
4bf58dd8d48988d1af941735,College Academic Building
4bf58dd8d48988d121951735,Paper / Office Supplies Store
4bf58dd8d48988d104941735,Medical Center
4bf58dd8d48988d177941735,Medical Center
4bf58dd8d48988d111941735,Japanese Restaurant
4bf58dd8d48988d11e951735,Food & Drink Shop
4f4528bc4b90abdf24c9de85,Athletic & Sport
4bf58dd8d48988d110951735,Salon / Barbershop
4bf58dd8d48988d180941735,Movie Theater
4bf58dd8d48988d10b941735,Falafel Restaurant
50aa9e094b90af0d42d5de0d,City
4bf58dd8d48988d11e941735,Bar
4bf58dd8d48988d194941735,Medical Center
4bf58dd8d48988d115941735,Middle Eastern Restaurant
4d4b7105d754a06375d81259,Professional & Other Places
4bf58dd8d48988d186941735,Food & Drink Shop
4d954b0ea243a5684a65b473,Convenience Store
4bf58dd8d48988d108951735,Clothing Store
4bf58dd8d48988d135941735,Theater
4bf58dd8d48988d1dc931735,Tea Room
4bf58dd8d48988d142941735,Asian Restaurant
4bf58dd8d48988d134941735,Performing Arts Venue
4bf58dd8d48988d102941735,Gym / Fitness Center
4bf58dd8d48988d171941735,Event Space
4bf58dd8d48988d1ed941735,Spa / Massage
4bf58dd8d48988d15a941735,Garden
4bf58dd8d48988d1f7941735,Flea Market
4bf58dd8d48988d117941735,Beer Garden
4bf58dd8d48988d106951735,Clothing Store
4bf58dd8d48988d1fb941735,Hobby Shop
4bf58dd8d48988d18f941735,Art Museum
4bf58dd8d48988d187941735,Stadium
4bf58dd8d48988d1d1941735,Ramen /  Noodle House
4bf58dd8d48988d1f2931735,Performing Arts Venue
5032792091d4c4b30a586d5c,Concert Hall
4bf58dd8d48988d104951735,Clothing Store
4bf58dd8d48988d100951735,Pet Store
50327c8591d4c4b30a586d5d,Brewery
4bf58dd8d48988d16f941735,Hot Dog Joint
4bf58dd8d48988d17a941735,Cajun / Creole Restaurant
4bf58dd8d48988d123941735,Bar
4bf58dd8d48988d1bf941735,Mac & Cheese Joint
4bf58dd8d48988d15c941735,Cemetery
4bf58dd8d48988d113941735,Korean Restaurant
4bf58dd8d48988d1d2941735,Sushi Restaurant
4bf58dd8d48988d155941735,Gastropub
4bf58dd8d48988d144941735,Caribbean Restaurant
4bf58dd8d48988d1c8941735,African Restaurant
4bf58dd8d48988d12f941735,Library
4bf58dd8d48988d157941735,American Restaurant
4bf58dd8d48988d15f941735,Other Great Outdoors
4bf58dd8d48988d10c951735,Cosmetics Shop
4bf58dd8d48988d154941735,Cuban Restaurant
4bf58dd8d48988d105951735,Clothing Store
4bf58dd8d48988d10f941735,Indian Restaurant
4bf58dd8d48988d1d0941735,Dessert Shop
4bf58dd8d48988d149941735,Thai Restaurant
4f4531084b9074f6e4fb0101,Recycling Facility
4bf58dd8d48988d1a6941735,Law School
4bf58dd8d48988d1a0941735,College Academic Building
4deefb944765f83613cdba6e,Historic Site
4d4b7105d754a06377d81259,Outdoors & Recreation
4bf58dd8d48988d17b941735,Zoo
4e52d2d203646f7c19daa8ae,Animal Shelter
4bf58dd8d48988d1c0941735,Mediterranean Restaurant
4bf58dd8d48988d199941735,College Academic Building
4bf58dd8d48988d1d5941735,Hotel
4f04b25d2fb6e1c99f3db0c0,Travel Lounge
4bf58dd8d48988d1ad941735,Trade School
4bf58dd8d48988d1dd931735,Soup Place
4bf58dd8d48988d13a941735,Temple
4bf58dd8d48988d11d951735,Food & Drink Shop
4bf58dd8d48988d130951735,Taxi
4bf58dd8d48988d1ec931735,Airport
4bf58dd8d48988d107951735,Clothing Store
4bf58dd8d48988d105941735,Gym / Fitness Center
4bf58dd8d48988d17c941735,Casino
4f4534884b9074f6e4fb0174,Funeral Home
4f4531504b9074f6e4fb0102,Train Station
4eb1d80a4b900d56c88a45ff,Shrine
4bf58dd8d48988d151941735,Taco Place
4bf58dd8d48988d191941735,Science Museum
4bf58dd8d48988d136941735,Theater
4bf58dd8d48988d102951735,Clothing Store
4bf58dd8d48988d128951735,Gift Shop
4bf58dd8d48988d185941735,Stadium
4d4b7105d754a06374d81259,Food
4bf58dd8d48988d122941735,Bar
4bf58dd8d48988d109951735,Clothing Store
4d4b7105d754a06379d81259,Travel & Transport
4bf58dd8d48988d181941735,Museum
4bf58dd8d48988d109941735,Eastern European Restaurant
4bf58dd8d48988d169941735,Australian Restaurant
4bf58dd8d48988d1e8931735,Music Venue
4bf58dd8d48988d1cc941735,Steakhouse
4bf58dd8d48988d1e3931735,Pool Hall
4bf58dd8d48988d108941735,Dumpling Restaurant
4bf58dd8d48988d14a941735,Vietnamese Restaurant
4bf58dd8d48988d15d941735,Other Great Outdoors
4bf58dd8d48988d188941735,Stadium
4bf58dd8d48988d19e941735,College Academic Building
4bf58dd8d48988d111951735,Jewelry Store
4eb1bdf03b7b55596b4a7491,Camera Store
4bf58dd8d48988d14f941735,Southern / Soul Food Restaurant
4f4533804b9074f6e4fb0105,Elementary School
4bf58dd8d48988d101951735,Thrift / Vintage Store
4fceea171983d5d06c3e9823,Aquarium
4f4533814b9074f6e4fb0106,Middle School
4bf58dd8d48988d189941735,Stadium
4bf58dd8d48988d1b1941735,College Academic Building
4bf58dd8d48988d17e941735,Movie Theater
50328a8e91d4c4b30a586d6c,Office
4bf58dd8d48988d1e7931735,Music Venue
4bf58dd8d48988d1b6941735,College Stadium
4bf58dd8d48988d1cd941735,South American Restaurant
4bf58dd8d48988d167941735,Athletic & Sport
4bf58dd8d48988d159941735,Other Great Outdoors
4bf58dd8d48988d168941735,Athletic & Sport
4bf58dd8d48988d19c941735,College Academic Building
4d4b7104d754a06370d81259,Arts & Entertainment
4bf58dd8d48988d1db931735,Tapas Restaurant
4f4533814b9074f6e4fb0107,Nursery School
4bf58dd8d48988d116951735,Antique Shop
4bf58dd8d48988d1f0931735,Airport
4bf58dd8d48988d12f951735,Hotel
4bf58dd8d48988d1f4931735,Racetrack
4bf58dd8d48988d182941735,Park
4bf58dd8d48988d18b941735,Stadium
4cce455aebf7b749d5e191f5,Athletic & Sport
50aaa4314b90af0d42d5de10,Other Great Outdoors
4eb1bd1c3b7b55596b4a748f,Filipino Restaurant
4bf58dd8d48988d1c2941735,Molecular Gastronomy Restaurant
4bf58dd8d48988d1aa941735,College Academic Building
4bf58dd8d48988d1e6941735,Athletic & Sport
4bf58dd8d48988d16b941735,Brazilian Restaurant
4bf58dd8d48988d1f4941735,Design Studio
4e52adeebd41615f56317744,Military Base
4bf58dd8d48988d158941735,Swiss Restaurant
50be8ee891d4fa8dcc7199a7,Market
4bf58dd8d48988d1ef941735,Rental Car Location
5032891291d4c4b30a586d68,Home (private)
503287a291d4c4b30a586d65,Financial or Legal Service
503289d391d4c4b30a586d6a,Gym / Fitness Center
4bf58dd8d48988d160941735,Other Great Outdoors
4bf58dd8d48988d1f5931735,Dim Sum Restaurant
4bf58dd8d48988d131941735,Spiritual Center
4bf58dd8d48988d193941735,Park
4bf58dd8d48988d1b8941735,College Stadium
4bf58dd8d48988d1c6941735,Scandinavian Restaurant
4eb1daf44b900d56c88a4600,Fair
4bf58dd8d48988d1fe941735,Music Store
4eb1c0253b7b52c0e1adc2e9,Garden Center
4cae28ecbf23941eb1190695,Government Building
